﻿<parameters>
  <parameter name="IIS Web Application Name" defaultValue="MyApp" tags="IisApp">
    <parameterEntry kind="ProviderPath" scope="IisApp" match="^C:\\Users\\itereshchuk\\Downloads\\SqlWebApi\\SqlWebApi\\SqlWebApi\\obj\\Release\\Package\\PackageTmp$" />
    <parameterEntry kind="ProviderPath" scope="setAcl" match="^C:\\Users\\itereshchuk\\Downloads\\SqlWebApi\\SqlWebApi\\SqlWebApi\\obj\\Release\\Package\\PackageTmp$" />
  </parameter>
  <parameter name="Add write permission to App_Data Folder" description="Add write permission to App_Data folder" defaultValue="{IIS Web Application Name}/App_Data" tags="Hidden">
    <parameterEntry kind="ProviderPath" scope="setAcl" match="^C:\\Users\\itereshchuk\\Downloads\\SqlWebApi\\SqlWebApi\\SqlWebApi\\obj\\Release\\Package\\PackageTmp\\App_Data$" />
  </parameter>
  <parameter name="DefaultConnection-Web.config Connection String" defaultValue="Server=tcp:week1-sqlserver-si2wkntnx74tm.database.windows.net,1433;Initial Catalog=simpledb;Persist Security Info=False;User ID=sqladmin;Password=I73r11484it0;MultipleActiveResultSets=False;Encrypt=True;TrustServerCertificate=False;Connection Timeout=30;">
    <parameterEntry kind="XmlFile" scope="C:\\Users\\itereshchuk\\Downloads\\SqlWebApi\\SqlWebApi\\SqlWebApi\\obj\\Release\\Package\\PackageTmp\\Web\.config$" match="/configuration/connectionStrings/add[@name='DefaultConnection']/@connectionString" />
  </parameter>
</parameters>