﻿<parameters>
  <parameter name="IIS Web Application Name" defaultValue="localhost/MyApp" tags="IisApp">
    <parameterEntry kind="ProviderPath" scope="IisApp" match="^C:\\Users\\itereshchuk\\Downloads\\SqlWebApi\\SqlWebApi\\SqlWebApi\\obj\\Release\\Package\\PackageTmp$" />
    <parameterEntry kind="ProviderPath" scope="setAcl" match="^C:\\Users\\itereshchuk\\Downloads\\SqlWebApi\\SqlWebApi\\SqlWebApi\\obj\\Release\\Package\\PackageTmp$" />
  </parameter>
  <parameter name="Add write permission to App_Data Folder" description="Add write permission to App_Data folder" defaultValue="{IIS Web Application Name}/App_Data" tags="Hidden">
    <parameterEntry kind="ProviderPath" scope="setAcl" match="^C:\\Users\\itereshchuk\\Downloads\\SqlWebApi\\SqlWebApi\\SqlWebApi\\obj\\Release\\Package\\PackageTmp\\App_Data$" />
  </parameter>
  <parameter name="DefaultConnection-Web.config Connection String" description="DefaultConnection Connection String used in web.config by the application to access the database." defaultValue="Data Source=(localdb)\MSSQLLocalDB;AttachDbFilename=|DataDirectory|\apirTest.mdf;Integrated Security=True; MultipleActiveResultSets=True;" tags="SqlConnectionString">
    <parameterEntry kind="XmlFile" scope="C:\\Users\\itereshchuk\\Downloads\\SqlWebApi\\SqlWebApi\\SqlWebApi\\obj\\Release\\Package\\PackageTmp\\Web\.config$" match="/configuration/connectionStrings/add[@name='DefaultConnection']/@connectionString" />
  </parameter>
</parameters>